{
	"id": "cb9263d87a8b897286713aa720ec6cc5",
	"_format": "hh-sol-build-info-1",
	"solcVersion": "0.8.24",
	"solcLongVersion": "0.8.24+commit.e11b9ed9",
	"input": {
		"language": "Solidity",
		"sources": {
			"contracts/models/creditorModel.sol": {
				"content": "// // SPDX-License-Identifier: MIT\r\n// pragma solidity ^0.8.20;\r\n\r\n// contract"
			}
		},
		"settings": {
			"optimizer": {
				"enabled": false,
				"runs": 200
			},
			"outputSelection": {
				"*": {
					"": [
						"ast"
					],
					"*": [
						"abi",
						"metadata",
						"devdoc",
						"userdoc",
						"storageLayout",
						"evm.legacyAssembly",
						"evm.bytecode",
						"evm.deployedBytecode",
						"evm.methodIdentifiers",
						"evm.gasEstimates",
						"evm.assembly"
					]
				}
			},
			"remappings": []
		}
	},
	"output": {
		"errors": [
			{
				"component": "general",
				"errorCode": "3420",
				"formattedMessage": "Warning: Source file does not specify required compiler version! Consider adding \"pragma solidity ^0.8.24;\"\n--> contracts/models/creditorModel.sol\n\n",
				"message": "Source file does not specify required compiler version! Consider adding \"pragma solidity ^0.8.24;\"",
				"severity": "warning",
				"sourceLocation": {
					"end": -1,
					"file": "contracts/models/creditorModel.sol",
					"start": -1
				},
				"type": "Warning"
			}
		],
		"sources": {
			"contracts/models/creditorModel.sol": {
				"ast": {
					"absolutePath": "contracts/models/creditorModel.sol",
					"exportedSymbols": {},
					"id": 1,
					"license": "MIT",
					"nodeType": "SourceUnit",
					"nodes": [],
					"src": "78:0:0"
				},
				"id": 0
			}
		}
	}
}